{
  "name": "molecule_3d_registry_v1.build",
  "created_at": "2026-04-12T11:15:16.351743+00:00",
  "sample_mode": false,
  "max_rows": null,
  "inputs": {
    "xref": "data/output/molecules/molecule_xref_core_v2.tsv",
    "chembl_db": "../12182/data/chembl_36/chembl_36.db",
    "chembl_db_exists": true
  },
  "output": "data/output/molecules/molecule_3d_registry_v1.tsv",
  "metrics": {
    "rows_written": 14775,
    "input_rows": 14775,
    "valid_inchikey_rows": 14775,
    "skipped_bad_inchikey_rows": 0,
    "rows_with_pubchem_cid": 3605,
    "rows_with_chembl_id": 11316,
    "rows_with_pubchem_3d": 3259,
    "rows_with_zinc_3d": 271,
    "rows_with_any_3d": 3262,
    "rows_without_3d": 11513,
    "pubchem_3d_rate": 0.22057529610829102,
    "zinc_3d_rate": 0.018341793570219967,
    "any_3d_rate": 0.22077834179357023
  },
  "pubchem_lookup": {
    "requested_cids": 13046,
    "resolved_cids": 13046,
    "failed_cids": 0,
    "failed_cid_sample": [],
    "pubchem_http_calls": 164,
    "pubchem_http_success_calls": 164
  },
  "pubchem_zinc_lookup": {
    "requested_cids": 3605,
    "resolved_cids": 3480,
    "cids_with_zinc_id": 271,
    "total_zinc_ids": 271,
    "failed_cids": 125,
    "failed_cid_sample": [
      "26754618",
      "26754619",
      "26754623",
      "26754792",
      "26754807",
      "26754808",
      "26754811",
      "26754855",
      "26754872",
      "26754875",
      "26754888",
      "26754937",
      "26754980",
      "26755019",
      "26755032",
      "26755046",
      "26755228",
      "26755251",
      "26755282",
      "26755285",
      "26755288",
      "26755297",
      "26755311",
      "26755321",
      "26755340",
      "26755575",
      "26755651",
      "26755654",
      "26755691",
      "26755692",
      "26755740",
      "26755751",
      "26755755",
      "26755764",
      "26755768",
      "26755778",
      "26755794",
      "26756467",
      "26756468",
      "26756475",
      "50085853",
      "50085894",
      "50085896",
      "50085910",
      "50085912",
      "50085944",
      "50085975",
      "50085996",
      "50086445",
      "50086819"
    ],
    "pubchem_registry_http_calls": 825,
    "pubchem_registry_http_success_calls": 87,
    "pubchem_registry_http_failed_calls": 738
  },
  "zinc_mapping": {
    "chembl_release": "CHEMBL_36",
    "zinc_synonym_rows": 166,
    "zinc_bad_synonym": 89,
    "zinc_mapped_chembl_ids": 77,
    "zinc_total_ids": 77
  },
  "source_type_distribution": {
    "unknown": 11513,
    "computational": 3262
  },
  "coverage_report": "pipelines/molecule_3d_registry/reports/molecule_3d_registry_v1.coverage.json"
}
